year_group,accurate_0,accurate_1,accurate_2,dummy_accurate_0,dummy_accurate_1,dummy_accurate_2,truth_0,truth_1,truth_2,count_0,count_1,count_2
0,0.8931552587646077,0.7846410684474123,0.8631051752921536,0.8113522537562604,0.5509181969949917,0.49248747913188645,113,269,304,599,599,599
1,0.9156939040207522,0.8391699092088197,0.8988326848249028,0.8365758754863813,0.6342412451361867,0.43060959792477305,126,282,439,771,771,771
2,0.9029126213592233,0.86084142394822,0.9110032362459547,0.8462783171521036,0.5954692556634305,0.5048543689320388,95,250,306,618,618,618
3,0.9449192782526116,0.8746438746438746,0.9230769230769231,0.9135802469135802,0.46438746438746437,0.6191832858499525,91,564,401,1053,1053,1053
4,0.9392523364485982,0.8761682242990654,0.9182242990654206,0.9026479750778816,0.4867601246105919,0.6066978193146417,125,659,505,1284,1284,1284
5,0.9548192771084337,0.8659638554216867,0.9164156626506024,0.8832831325301205,0.5173192771084337,0.5798192771084337,155,641,558,1328,1328,1328
6,0.8880368098159509,0.8502044989775052,0.9013292433537833,0.803680981595092,0.4647239263803681,0.5613496932515337,384,1047,858,1956,1956,1956
7,0.8721278721278721,0.8571428571428571,0.9240759240759241,0.7962037962037962,0.4875124875124875,0.5374625374625375,408,1026,926,2002,2002,2002
8,0.8920308483290489,0.8586118251928021,0.884318766066838,0.7994858611825193,0.5167095115681234,0.4755784061696658,78,188,204,389,389,389
