year_group,accurate_0,accurate_1,accurate_2,dummy_accurate_0,dummy_accurate_1,dummy_accurate_2,truth_0,truth_1,truth_2,count_0,count_1,count_2
0,0.9020979020979021,0.7604895104895105,0.8356643356643356,0.8094405594405595,0.5629370629370629,0.49475524475524474,109,250,289,572,572,572
1,0.9013062409288825,0.8243831640058055,0.8853410740203193,0.8098693759071117,0.6284470246734397,0.4310595065312046,131,256,392,689,689,689
2,0.9296,0.8576,0.8912,0.84,0.5968,0.5072,100,252,308,625,625,625
3,0.9499518768046198,0.8729547641963427,0.9210779595765158,0.917228103946102,0.46487006737247355,0.6140519730510106,86,556,401,1039,1039,1039
4,0.94609375,0.8703125,0.92421875,0.8921875,0.49765625,0.6078125,138,643,502,1280,1280,1280
5,0.9479015918958031,0.8596237337192475,0.9240231548480463,0.8704775687409552,0.5202604920405209,0.5911722141823444,179,663,565,1382,1382,1382
6,0.9119840875186475,0.8587767279960219,0.920934858279463,0.8324216807558429,0.4674291397314769,0.5370462456489309,337,1071,931,2011,2011,2011
7,0.8900990099009901,0.8579207920792079,0.9351485148514852,0.7955445544554456,0.4876237623762376,0.5356435643564357,413,1035,938,2020,2020,2020
8,0.9031413612565445,0.8507853403141361,0.9083769633507853,0.8089005235602095,0.5235602094240838,0.46335078534031415,73,182,205,382,382,382
