year_group,accurate_0,accurate_1,accurate_2,truth_0,truth_1,truth_2
0,0.8972602739726028,0.8047945205479452,0.8784246575342466,109,236,310
1,0.8985313751668892,0.8184245660881175,0.8931909212283045,138,239,441
2,0.9247491638795987,0.8745819397993311,0.919732441471572,90,264,276
3,0.955868544600939,0.8816901408450705,0.9258215962441314,105,532,430
4,0.9393468118195957,0.8576982892690513,0.9175738724727839,148,652,491
5,0.9369806094182825,0.8725761772853186,0.9349030470914127,173,712,580
6,0.8851931330472103,0.8530042918454935,0.9120171673819742,364,988,816
7,0.8809990205680706,0.8476983349657199,0.9211557296767875,418,1042,951
8,0.8777173913043478,0.8342391304347826,0.9239130434782609,63,187,188
