,vocab,f1,acc_0,acc_1,acc_2,baseline_acc_0,baseline_acc_1,baseline_acc_2,f1_0,f1_1,f1_2
0,50,2.1182215325634437,0.8824,0.7576,0.8506,0.8431,0.5116,0.5463,0.5351778656126482,0.7446270543615676,0.8384166125892277
1,125,2.3599123713936176,0.9109,0.813,0.8881,0.8431,0.5116,0.5463,0.6763530693788593,0.8045977011494253,0.8789616008653327
2,250,2.435424705992737,0.9174,0.839,0.904,0.8431,0.5116,0.5463,0.7072997873848333,0.8328141225337488,0.8953107960741549
3,375,2.4568841178666534,0.9193,0.8481,0.9095,0.8431,0.5116,0.5463,0.7129135538954109,0.8427373434102909,0.9012332205609516
4,500,2.4682673585958788,0.9199,0.854,0.9112,0.8431,0.5116,0.5463,0.7158566867683576,0.8496085702513392,0.9028021015761821
5,625,2.4751440916062086,0.9209,0.8564,0.9115,0.8431,0.5116,0.5463,0.7196029776674938,0.852506162695152,0.903034951243563
6,750,2.484390315601574,0.9218,0.8604,0.9135,0.8431,0.5116,0.5463,0.7226950354609929,0.8566146261298273,0.9050806540107539
7,875,2.492793751234242,0.923,0.8629,0.9135,0.8431,0.5116,0.5463,0.728490832157969,0.8591390116099866,0.9051639074662866
