,vocab,f1,acc_0,acc_1,acc_2,baseline_acc_0,baseline_acc_1,baseline_acc_2,f1_0,f1_1,f1_2
0,50,2.1172274170574448,0.8852,0.754,0.8469,0.8434,0.5092,0.5469,0.5408,0.7426778242677825,0.8337495927896622
1,125,2.3527759297018185,0.909,0.8139,0.8906,0.8434,0.5092,0.5469,0.6642066420664205,0.8072501294665976,0.8813191581688002
2,250,2.415907368280748,0.9143,0.834,0.9039,0.8434,0.5092,0.5469,0.6913935902052574,0.829323462882994,0.8951903151924965
3,375,2.4518295364826157,0.9181,0.8456,0.9113,0.8434,0.5092,0.5469,0.7069767441860465,0.8418032786885246,0.9030495136080445
4,500,2.4724160412994562,0.9203,0.8533,0.915,0.8434,0.5092,0.5469,0.7152554483744195,0.8501991218217093,0.9069614711033275
5,625,2.483842596549864,0.9212,0.8569,0.9173,0.8434,0.5092,0.5469,0.7203690560681335,0.8540838176812481,0.9093897228004821
6,750,2.4948349704256034,0.9223,0.8625,0.918,0.8434,0.5092,0.5469,0.7243703440936503,0.8602784269891272,0.910186199342826
7,875,2.5071372687310105,0.9244,0.867,0.918,0.8434,0.5092,0.5469,0.7322946175637393,0.8647549318690257,0.9100877192982456
