,vocab,f1,acc_0,acc_1,acc_2,baseline_acc_0,baseline_acc_1,baseline_acc_2,f1_0,f1_1,f1_2
0,50,2.086544621299401,0.8777122287771223,0.7557244275572442,0.8533146685331466,0.8425157484251575,0.5110488951104889,0.5474452554744526,0.5022385022385022,0.7428150331613855,0.8414910858995137
1,125,2.3296433854447915,0.9033096690330967,0.8117188281171883,0.8918108189181082,0.8425157484251575,0.5110488951104889,0.5474452554744526,0.6430417128091547,0.8037519541427827,0.8828497184928541
2,250,2.4003656688187256,0.9089091090890911,0.8403159684031597,0.9066093390660934,0.8425157484251575,0.5110488951104889,0.5474452554744526,0.6673968601679444,0.8348671285285906,0.8981016801221907
3,375,2.433864558891104,0.9127087291270873,0.8511148885111489,0.911008899110089,0.8425157484251575,0.5110488951104889,0.5474452554744526,0.684495843874232,0.8467002985689281,0.9026684164479439
4,500,2.443567849082256,0.9126087391260874,0.8561143885611439,0.9131086891310869,0.8425157484251575,0.5110488951104889,0.5474452554744526,0.6865136298421808,0.8521828454031843,0.904871373836891
5,625,2.455629102894679,0.9143085691430857,0.8578142185781422,0.9157084291570843,0.8425157484251575,0.5110488951104889,0.5474452554744526,0.6940378436272759,0.8539141154715431,0.9076771437958602
6,750,2.4699532975109126,0.9166083391660834,0.8627137286271372,0.9172082791720828,0.8425157484251575,0.5110488951104889,0.5474452554744526,0.7012893982808023,0.8594533729143209,0.9092105263157896
7,875,2.4791150740654913,0.9178082191780822,0.8658134186581342,0.9183081691830817,0.8425157484251575,0.5110488951104889,0.5474452554744526,0.7060085836909871,0.8626407369498466,0.9104657534246575
8,1000,2.4848811202802272,0.9185081491850815,0.8669133086691331,0.9197080291970803,0.8425157484251575,0.5110488951104889,0.5474452554744526,0.7092400998929718,0.8636410203872554,0.912
