,vocab,f1,acc_0,acc_1,acc_2,baseline_acc_0,baseline_acc_1,baseline_acc_2,f1_0,f1_1,f1_2
0,50,2.112938601020688,0.8819118088191181,0.7566243375662434,0.8504149585041496,0.8424157584241576,0.5116488351164884,0.547045295470453,0.5311631599841207,0.745344214270768,0.8364312267657993
1,125,2.3647754071693337,0.9105089491050895,0.8182181781821818,0.8919108089191081,0.8424157584241576,0.5116488351164884,0.547045295470453,0.6710768099963249,0.8121124431583299,0.8815861540146785
2,250,2.4107588502493424,0.9123087691230877,0.837916208379162,0.9048095190480951,0.8424157584241576,0.5116488351164884,0.547045295470453,0.6828209764918626,0.8332476082707542,0.8946902654867256
3,375,2.44370648004183,0.9149085091490851,0.851014898510149,0.9117088291170883,0.8424157584241576,0.5116488351164884,0.547045295470453,0.6937747391147895,0.8475547370574995,0.9023770038695411
4,500,2.458118827096029,0.9168083191680831,0.8523147685231477,0.9154084591540846,0.8424157584241576,0.5116488351164884,0.547045295470453,0.7024320457796852,0.8492087799897906,0.9064780013265531
5,625,2.4620748954222598,0.9166083391660834,0.8560143985601439,0.9154084591540846,0.8424157584241576,0.5116488351164884,0.547045295470453,0.702567760342368,0.8530912058763518,0.9064159292035397
6,750,2.4714776266000773,0.9174082591740826,0.8588141185881412,0.9179082091790821,0.8424157584241576,0.5116488351164884,0.547045295470453,0.7058404558404558,0.8564457096380643,0.9091914611215574
7,875,2.475391239696091,0.9179082091790821,0.8602139786021398,0.918108189181082,0.8424157584241576,0.5116488351164884,0.547045295470453,0.7081407749733379,0.8578979467371417,0.9093525179856116
8,1000,2.487597094306704,0.92000799920008,0.8626137386261374,0.9195080491950804,0.8424157584241576,0.5116488351164884,0.547045295470453,0.7165131112686037,0.860280658938377,0.9108033240997231
