,vocab,f1,acc_0,acc_1,acc_2,baseline_acc_0,baseline_acc_1,baseline_acc_2,f1_0,f1_1,f1_2
0,50,2.146241315828206,0.8842,0.7716,0.8566,0.8399,0.5194,0.5464,0.5437352245862885,0.7585113131740325,0.8439947780678851
1,125,2.385697018294182,0.9126,0.8209,0.8954,0.8399,0.5194,0.5464,0.68830242510699,0.8110161443494777,0.8863784488377145
2,250,2.441710215672316,0.915,0.8461,0.9107,0.8399,0.5194,0.5464,0.7013352073085032,0.8376411013820024,0.9027339069818103
3,375,2.4737463495936662,0.9185,0.8581,0.9163,0.8399,0.5194,0.5464,0.713934713934714,0.8511174063581995,0.9086942293007527
4,500,2.495369496791094,0.9215,0.8639,0.9195,0.8399,0.5194,0.5464,0.7254284714935293,0.8579480221271265,0.9119930031704385
5,625,2.5026456163998594,0.9215,0.8666,0.9211,0.8399,0.5194,0.5464,0.7275251648733079,0.8613593847432967,0.9137610667832551
6,750,2.5129362249775165,0.9235,0.8712,0.9207,0.8399,0.5194,0.5464,0.7339130434782609,0.8658892128279884,0.9131339686712674
7,875,2.5116691918542715,0.9225,0.8718,0.9215,0.8399,0.5194,0.5464,0.7309961818812911,0.8666250520183104,0.9140479579546699
8,1000,2.5184217100718778,0.9234,0.8728,0.9231,0.8399,0.5194,0.5464,0.7351313969571232,0.8675827607745159,0.9157075523402388
