,vocab,f1,acc_0,acc_1,acc_2,baseline_acc_0,baseline_acc_1,baseline_acc_2,f1_0,f1_1,f1_2
0,50,2.1155461256724624,0.885011498850115,0.764023597640236,0.8533146685331466,0.8459154084591541,0.5031496850314968,0.5555444455554445,0.5212323064113239,0.7551867219917012,0.8391270972694375
1,125,2.3494687198393422,0.9081091890810918,0.8187181281871813,0.8924107589241076,0.8459154084591541,0.5031496850314968,0.5555444455554445,0.6528145069890441,0.8147921135968944,0.8818620992534036
2,250,2.413394863838901,0.9143085691430857,0.8387161283871613,0.9046095390460954,0.8459154084591541,0.5031496850314968,0.5555444455554445,0.6834133727373476,0.8355591803445814,0.8944223107569722
3,375,2.4391723095604014,0.915008499150085,0.853014698530147,0.9109089091090891,0.8459154084591541,0.5031496850314968,0.5555444455554445,0.6870397643593519,0.8510336441021484,0.9010989010989012
4,500,2.4595774423236354,0.918108189181082,0.8555144485551445,0.9148085191480851,0.8459154084591541,0.5031496850314968,0.5555444455554445,0.7005484460694699,0.8536115895046095,0.9054174067495561
5,625,2.465923223391115,0.9191080891910809,0.8582141785821418,0.9147085291470853,0.8459154084591541,0.5031496850314968,0.5555444455554445,0.7042047531992688,0.8565067800040477,0.9052116901877986
6,750,2.466708982670772,0.9182081791820818,0.861013898610139,0.9152084791520848,0.8459154084591541,0.5031496850314968,0.5555444455554445,0.7012417823228634,0.859794230381279,0.9056729699666296
7,875,2.4787970316848216,0.9206079392060794,0.8622137786221378,0.9165083491650835,0.8459154084591541,0.5031496850314968,0.5555444455554445,0.7108521485797523,0.8608361947081398,0.9071086883969296
8,1000,2.4832689349028234,0.9202079792020798,0.8656134386561344,0.9174082591740826,0.8459154084591541,0.5031496850314968,0.5555444455554445,0.7106598984771574,0.864570737605804,0.9080382988198619
