,vocab,f1,acc_0,acc_1,acc_2,baseline_acc_0,baseline_acc_1,baseline_acc_2,f1_0,f1_1,f1_2
0,125,2.3462812145088923,0.9085,0.8139,0.8894,0.8416,0.5069,0.549,0.658454647256439,0.808912619365438,0.8789139478870155
1,250,2.3986340748313912,0.9109,0.8343,0.9044,0.8416,0.5069,0.549,0.6732673267326733,0.8311423621726283,0.8942243859260898
2,375,2.43528358902566,0.9158,0.8462,0.9074,0.8416,0.5069,0.549,0.6940406976744186,0.8436991869918699,0.8975437043593716
3,500,2.451359332433274,0.9168,0.8519,0.9115,0.8416,0.5069,0.549,0.6996389891696752,0.8496294040004061,0.9020909392631928
4,625,2.464127920759357,0.9196,0.853,0.9116,0.8416,0.5069,0.549,0.7107913669064747,0.8511241644723516,0.9022123893805308
5,750,2.4720135960754375,0.9197,0.8599,0.9132,0.8416,0.5069,0.549,0.7100036114120621,0.8581553103168978,0.9038546743464776
6,875,2.4803579558395157,0.9202,0.8621,0.916,0.8416,0.5069,0.549,0.7129496402877697,0.8604109727705234,0.9069973427812223
7,1000,2.487574978534183,0.9212,0.864,0.9169,0.8416,0.5069,0.549,0.7173601147776182,0.8622924260834347,0.9079224376731302
